"path","md5","auth md5"
"/.DS_Store",e95bc8dc00afe56383eb40469776343f,90c0367094fef9c6dc4741d770b80aeb
"/__init__.py",d41d8cd98f00b204e9800998ecf8427e,17bf5b431fced97c704cc031b31a4e36
"/data/.DS_Store",47f0a08ac48a0d8cc4984c2a6653c762,e015bcb780fb754784d38f6465e22434
"/data/willmcgugan.techblog/feed_description_sanitize.json",87b6e264c1e5c311a0772fe4ff733bc3,5cfbfbde05ec6c3b10070573aa6e3665
"/data/willmcgugan.techblog/sanitize_rules.json",6f5fa63c6513c04b4ce830e6bb48a234,6aa79ea56e5e57131d0140e16b048c5f
"/lib.ini",2a8c72401830eeabad3bc25a3766ef62,8b553f755269561755abbd1be87287f9
"/locale/moya_blog.pot",8e93f80857794baabd161f71c2e4ebb4,c5068ea520768a392443e8ceb2f39227
"/logic/admin.xml",c89afdaec1fc27a16ae07bf6547818d0,9be9f554e9f5834757c5234f83c6c21a
"/logic/commands.xml",83f41e4f823c4775b4f2aa9d743dfff2,5cced38634fa0140e68c37d55bee4a0a
"/logic/content.xml",f333f69e8ead0365810f5ea4f7f92370,13e4a3b972caa8467b3b9a56d4e686b2
"/logic/forms.xml",4d89127aaeb1b8ad260c24909c7d704b,a57037cfde077be43ea1a5c6e43c90aa
"/logic/inserts.xml",5e0c763b71b448648c3fc78a3dd4c8b1,f3e0f9b50920697a1487d17fee63b137
"/logic/models.xml",013877ce65a6fb78e1de5cc1c7267b53,d7aa37cbcbc3a3df8bd3cea0b79ff8df
"/logic/preflight.xml",6365d10a477467783393e267e40046e2,004959fce59d9096f06137a3127a0da7
"/logic/rpc.xml",f7ae1cc9b485afd2fb9f8864c36b6a91,6d5a58f78803630e0d48025ad0593b5a
"/logic/signals.xml",af989dae2d19a9375e247ab753cd3289,5592d5feeda556d03758b6a1579ae54a
"/logic/tags.xml",2a179eff317c5ff8f27eac0110a2315b,e80ed29f91fb2c10065f1fdd9cf907e0
"/logic/thumbs.xml",999600222600241a42c155563e93c3a3,d3332177d817f27deb0a457cf1f56b08
"/logic/views.xml",7b55a89a73647216b51697e34fe65ecd,0d7793017c0a69f12bf7ed80bb9fe7d4
"/logic/widgets.xml",070ce5851b8497963d14f53d5e0fd084,3644d3aeb3458038dd4fd4680f672d34
"/media/.DS_Store",360dc774f19a9f81000fc678ff3c46e4,11f270a47f991fa3932c9471aade8a21
"/media/css/blog.css",27e1c2dd488552efb5508cf075ff71cf,9d139c7d9e8ffcfef6b748e98b347444
"/media/highlight/CHANGES.md",6c2032d4f762fa505bda403481f8f819,82827e80e36c46efe33c56796c005eb4
"/media/highlight/LICENSE",ec39d75cbc4de8171c2f6656a26816a3,4e2f644623993baf05a13e0b058d5912
"/media/highlight/README.md",6192b6cabdf22d4664d2c9b8a4954d59,0aba4b8b39ec06c60fca4164c0982052
"/media/highlight/README.ru.md",a416cd1e55f0f8016a7de01b9fceb597,2574bb5e1abe9204a11fbe8072556f79
"/media/highlight/highlight.pack.js",f6fa29df3767a854bb30ec6df2a93813,fe7f0cea8b8b218f6c2ed429bb81411e
"/media/highlight/styles/agate.css",a44635ea68e9acb61667df4310a272f6,78bed43b81a6b51ea9e25ab23eff6968
"/media/highlight/styles/androidstudio.css",289abc93373d336ed3ee39833383a5e5,c57dedf9b08ba94cd955ad2ba45b1b11
"/media/highlight/styles/arta.css",ebc32812c21002bca96d4fbbab20a4f4,362c334d4f0a64e09f28982506817b2f
"/media/highlight/styles/ascetic.css",6b9e1dd143601f24fd6bddf3f2b250cf,f1db80a85de298baf4405dd4d35c48ad
"/media/highlight/styles/atelier-cave.dark.css",643a1e2c94d3eec9acb43c2b36fe0eeb,130d49983fcda4c0a757fd2c87f304d5
"/media/highlight/styles/atelier-cave.light.css",ffdb90cd4a784d6c75051ebda95cf267,0feed445e42b02862afdfa4544753e55
"/media/highlight/styles/atelier-dune.dark.css",f1761a87bcc76fdad7b616883062f1e8,07562bb4d19fe469724313ffb5e9af1a
"/media/highlight/styles/atelier-dune.light.css",b454d0b88ebd8f9bbec2b0a4711936a9,eed4050d27ddd9c7fa895574f301a7b9
"/media/highlight/styles/atelier-estuary.dark.css",a191e15fd1bc9a941c08ab5c75d74fac,b31f3a5e402f23e6223d61045fc70dec
"/media/highlight/styles/atelier-estuary.light.css",31abefcbb266eeda610e94ba79bb7b0a,7540a043d85a1b3a25ea4fdeb69980cb
"/media/highlight/styles/atelier-forest.dark.css",4521e277464b27d08375570be67da2f0,195e3e6168974c9eea3c5d994e337790
"/media/highlight/styles/atelier-forest.light.css",8c5951951311a35976186c0f2421209d,f8652590a0587665d06fef8f66a2f421
"/media/highlight/styles/atelier-heath.dark.css",568c47fb3b1e8399f8b2f2a0de2c2d53,40eb9f0ad62e383eb67f44eab6ab6412
"/media/highlight/styles/atelier-heath.light.css",1d80ca788b5173145963a690212d3375,fb98f4948a7eb86bad592dc426ac8ff5
"/media/highlight/styles/atelier-lakeside.dark.css",a5a65c6e4fbb96e4ea5673d3dc634f16,4d5245ba1f9cbc0a7b6846e32bb5c23b
"/media/highlight/styles/atelier-lakeside.light.css",2814ec2122355d36772dc298c79f02c3,e94065dfc70d03a8f8fbae16c7d0a6f3
"/media/highlight/styles/atelier-plateau.dark.css",1b73f0f139023860cd732a7bcd0e7d5a,f05e2e8fb24b00407228b051b6b45c0b
"/media/highlight/styles/atelier-plateau.light.css",c70b6c01f266ce0060f895666a32c947,f6069ca8bf9e1982a4f162ddc829267b
"/media/highlight/styles/atelier-savanna.dark.css",613b44396984bddcb4ba5dc145b1126d,2a5fc1ba1191eb9e54faccddca950792
"/media/highlight/styles/atelier-savanna.light.css",2bbb0ca170d79aa9b2bb633a2784c74f,15e5906e7355fe8b5a115c95cff6f872
"/media/highlight/styles/atelier-seaside.dark.css",03e3c002d57a1cce1033b4d41dfc9f13,b43b008fa50945f3d8b91819b5d8f398
"/media/highlight/styles/atelier-seaside.light.css",c336736854063f431d0f50ef6cc98f49,0c5b2686ce0ef9ecb13b4de1f9a71f4c
"/media/highlight/styles/atelier-sulphurpool.dark.css",c8a6cbea8d7c3e346c5c9213bed339b6,023d71eeb185b8ec371be250bd6ea1e1
"/media/highlight/styles/atelier-sulphurpool.light.css",5592bfc22bec2733cef2efde4c3687a8,b84c0b7af96a0a82bd8f8097c16f3ee4
"/media/highlight/styles/brown_paper.css",c0426955a9051d2a6dabc51bf412aae3,f056c41ecaba99503330ab3d5a1fe92b
"/media/highlight/styles/brown_papersq.png",82cd9f5d6e9f0e3f3de24eaab6671d88,2cfa263adfc1db7bb5700c8ab7ffc194
"/media/highlight/styles/codepen-embed.css",f989f8ceaf6d6a05188357424d07669a,dac2896c241d66362c33ceecc4645067
"/media/highlight/styles/color-brewer.css",69649c14546a159a8871beac55c41032,1a945ae43862440eb5961cc29bb0c245
"/media/highlight/styles/dark.css",954d039f1ad179e8f688924ffc52c12a,116d49d6559a0e3bcb964816ccd52fdb
"/media/highlight/styles/darkula.css",407bd4031108949017e13d6a96ce41aa,a971662531a993aa63b855816446877d
"/media/highlight/styles/default.css",2da897ca00dc1066e67c5e5b345b4fd3,da6d729babe2ee54e6b82ff44aef268a
"/media/highlight/styles/docco.css",9bc8122d58946b344bc72455c2c8d216,27fc65a4cc4c8ac21fcccf16f666da29
"/media/highlight/styles/far.css",c36c2cfdf0ccd0558ebe5aaccf30d094,1bf7fb0c2ef31efbb6c7649a66aff8fc
"/media/highlight/styles/foundation.css",09896c6714824de91c276afa902150c7,e4da18f3b3b156ab3b26e707094ef97f
"/media/highlight/styles/github-gist.css",b0add878832f5721d775addb12dbeea5,e8b98d32e37f5024225c3a032205bd9b
"/media/highlight/styles/github.css",93a844e5a2b7acd8637d36e932d5602c,81ce7c07e1babd68e98573dd83123fea
"/media/highlight/styles/googlecode.css",3118256066ab7e92e4c8c0618adb2b73,43470944d7e7b169dc8291e6a112958f
"/media/highlight/styles/grayscale.css",ebf640322e8810cec009ffdf8e7b8674,e6203930a752b846bd42ff745f20fe0d
"/media/highlight/styles/hopscotch.css",77918bee78145da12c94594ed1b523d2,795284dfbe00b63956677480fe1b2f03
"/media/highlight/styles/hybrid.css",a207206ed423a5698198d944c3a66a1d,879e9320cacffe344108ee07a3fd0308
"/media/highlight/styles/idea.css",070999b6bb4af660b51685602349ecd6,7863d87545d77eb9726a025c43b5c8ec
"/media/highlight/styles/ir_black.css",6c99f449124a5e83d32ee88603c16533,20a1f4064949256325c9db6f7959efaf
"/media/highlight/styles/kimbie.dark.css",2d3411aa29c90e194262cd469d0c3ba2,0c05fcf40d696f6ae26f795c5762c727
"/media/highlight/styles/kimbie.light.css",5fd7f5cb1e99631c82128007ad403e98,15343bd3ab2c1620ee102189db6e03d9
"/media/highlight/styles/magula.css",e88aacf0efa479867a19e732caca2f2a,0e6786cb90169ae23d937bef96f6ac73
"/media/highlight/styles/mono-blue.css",317917221ef8ac1f8fd5e046e18f0fef,4662bc3bcf3112332c5c826bb2f12986
"/media/highlight/styles/monokai.css",fa10bb57df80f61d0970c9a087847626,e8fb4457edd241de12ff5af9c524fcd3
"/media/highlight/styles/monokai_sublime.css",fc2372c4030701218565bfa7c880327c,3feaaebb0c06b3f6d963a26eda9d2af2
"/media/highlight/styles/obsidian.css",3aaab236864eb8177f89ffb3edfab3f7,52b182b262ce3f166c24856c0478c25d
"/media/highlight/styles/paraiso.dark.css",4ef03cc0245fc1272828a9d940e25502,e8135d8c96b367d281ef364be2ea9659
"/media/highlight/styles/paraiso.light.css",117276fd28e79983768bddb9171b59bf,819ea49d7929d7f2e2939e61d8f250df
"/media/highlight/styles/pojoaque.css",ed02e3e8da8c6a77dcd0016b8dd36270,c47c91f1da3090b32876bc41fb3ebf6a
"/media/highlight/styles/pojoaque.jpg",8c391d520d67f644c146dcfaee1eb25f,c98e6d80703a03de3d055dfac21c0469
"/media/highlight/styles/railscasts.css",fc4c6e2b0a66f2da81ba1227f63b2693,983d6878baf63ab7191912a2d1ee31ae
"/media/highlight/styles/rainbow.css",0e789991b5697e4e9b16c2b47b67e20d,e70ec0c25728493d66c56088074eace5
"/media/highlight/styles/school_book.css",5b8350ea3430f8cd8a69f6ba254be4e0,2380856445281fd232a3b4aaab4d015c
"/media/highlight/styles/school_book.png",069f91d8694b98ca01fb750760f1563d,1f4d8a2163564b629d2d41231591da69
"/media/highlight/styles/solarized_dark.css",61168adaf89d0c579a84269029cd239f,c8b4b913f0310f56f15bf56bc3451243
"/media/highlight/styles/solarized_light.css",b74a5e04fc9f6a75d7ff71cda42dd45a,f816f2bddce7386e7fa15b491a648916
"/media/highlight/styles/sunburst.css",dbade81c9ddba851ee988f6821d50dd5,ed2abfd7e786c43ab95c6999c6c4c78d
"/media/highlight/styles/tomorrow-night-blue.css",5074e9b9de562c106e514ad77c35c50e,82493511635b2de43b7de4c5c3fa75f0
"/media/highlight/styles/tomorrow-night-bright.css",101ca70eda7a90edfdaffc3f8e53dbb9,9f230b55338e6bad3089eb8e49c3696a
"/media/highlight/styles/tomorrow-night-eighties.css",acad4e7d2327cfbf0334530ad4d1a1ea,74f258a2653f7387b2085bf765984a9f
"/media/highlight/styles/tomorrow-night.css",fa8d56b36658ec00a250ba1f2cb1ab29,bb3eeedfdb60b5aa92ff362499d17b3e
"/media/highlight/styles/tomorrow.css",da8b23c3d0597a058d8b63d31dcd2700,9d91f4a20e165157d9cd08b7274f56a6
"/media/highlight/styles/vs.css",ef522a6930a07ab1af6b6e7546b1c1f5,aa983499db7249d4a5e69b7f65867659
"/media/highlight/styles/xcode.css",c9702ec458a519dfa7f20cc7a8b8d6ee,695669a734dc3aa76fc5c6bd1012453e
"/media/highlight/styles/zenburn.css",9a24ac457c3ad927c268ae84b31101ba,860402ed6306816406d5815b19c35528
"/media/img/bearback.jpg",3befe966ab10daca4442452f5af55548,637592dd9c919960bd71419f20ed1114
"/media/img/birdback.jpg",4667f22c3a68cb0830617996c20ae62a,ef1fd790ad9dacf23cd5389f0ac962cd
"/media/js/editpost.js",4556d9e6c504015ad4aa2bf32dc6be6e,93d789bb473dd32361598d690c379307
"/media/js/techblog.js",a45714e2f432aae64c66b7741d3241a4,a4e7c13ee5f7d4dd0e07113258635a47
"/templates/.DS_Store",de2f78c9dab4599eede417c485950307,3f8a321f2248e693447b953af74f0bf8
"/templates/404.html",6fe9779d2fcc47a63c9b3303e9f25359,e52a18c6d1db8843b1074eb7695cbab4
"/templates/500.html",048ff58c9a5f6cd04a049228ce9d87ca,f5c042cf478aa5e55bd529c153746d97
"/templates/base.html",38b5fb0ecca96f6e5beeadaa6c04ad76,af944a4f41109e63f8a01e24985b066a
"/templates/footer.html",a0dbd19d2e534b4415f683b3601dec64,6a598bd9f2c9e364751d81f7156c6252
"/templates/ga.html",c14850e5cc008c6970b49ea1889d27ae,a880f24b238f59f048bab067f4dd0139
"/templates/moya.comments/.DS_Store",e1dc82800670d0f1120b9a54885a837c,811da4267ec37a9bf4d55f9b37ee526e
"/templates/moya.comments/widgets/comment_editor.html",fcb69bdb1bfa9ca820ac244302ba258b,0f912562ef90da7aa0da204292347349
"/templates/moya.comments/widgets/comment_form_new.html",b9c1ca0ead72f5e4732228dbb5d7c33e,a21c2e129118424afd022e8384cd1f48
"/templates/moya.comments/widgets/comment_form_reply.html",f35f9149c7e7bd0e85d40049275c177c,bf1443f45827bf02bcabe10e82eba09b
"/templates/moya.comments/widgets/comment_markup.html",41f5dbc9eb4499949f8694e10391b4b8,6ba7f3892998d53dd427f30f8b3e5fe7
"/templates/moya.comments/widgets/comments.html",5c599f7e62d61ee060f7bb882c0b7cf4,5822c068df0a779c87feb3fbacd37ab5
"/templates/navbar.html",f3f10c9508ddb3fe72d610b905ccc240,bef97e80c1d4a9788de582ca22e631db
"/templates/willmcgugan.techblog/.DS_Store",dc90a9fb844590ad33c5e85218a2b029,458e104f78f9b4f286f08aee6bbc38f1
"/templates/willmcgugan.techblog/base.html",6b34dd7257338ae69f35485ac6589258,41771a91c72c7f6ce39a2e3a85326e99
"/templates/willmcgugan.techblog/blog_list.html",0339a3c6236e5dd9d92b615cae5089b0,2cbcb40c1c8be0b2bdc7823295cbb683
"/templates/willmcgugan.techblog/channel_list.html",c3796ecd73ecb6d3cc3f7149fb482740,1df6c70ddca14828c43b6b176d980d42
"/templates/willmcgugan.techblog/editor/draft.html",b3a153307b32b7af72c5a2f1ecf19410,9c7a090eeace9f8c09811fd18b852d18
"/templates/willmcgugan.techblog/editor_base.html",5b38a913e8401b51fd7f07fce964b99a,ec1950994a2b5b9bac595596f393c6e8
"/templates/willmcgugan.techblog/feed_description.html",45a7bf72df237a13aa662a1a3dfe023e,205ff70d4ec5dd2cee5374abdea1b771
"/templates/willmcgugan.techblog/inserts/post_image.html",1fab3693b61326231fb7a8315751a9d7,a8898877bba1a33107afe2bb93b1e4e3
"/templates/willmcgugan.techblog/list.html",8978fb08a8263b9773216d40e2d1bd69,d85e47aa7bada9220f61897fda1a2ae2
"/templates/willmcgugan.techblog/photo_fan.html",0e72313bab5bf9f583325f43fd5aca66,c7dd611e76b65b7252996cce938815e9
"/templates/willmcgugan.techblog/post_info.html",362d5cd280e90303fc00283482ed04ef,3e314619845541c440437639e99afe27
"/templates/willmcgugan.techblog/posts/page.html",4f80c6567222da3a717027756fc5d38f,842fcdef5850905e3d94a21c84f05b2f
"/templates/willmcgugan.techblog/posts/text.html",8e377f038de924e727ef251a30cb98ce,dd447d18e607522d7a9e78f94dfcfd9b
"/templates/willmcgugan.techblog/read_more.html",c55852aeeca54d164aefedcf6b71a1e2,1b6f096d48103ca2a71ebc00a70e2275
"/templates/willmcgugan.techblog/rpc/images.html",e0a637efca3067f46660fa28921b78eb,d21df44ad068475946f433663152bf02
"/templates/willmcgugan.techblog/rpc/preview_comment.html",28b845f679a3e9cf3973a4ef8084c9e3,021d2df8d279bdfda593bd4aba8eeda8
"/templates/willmcgugan.techblog/rpc/preview_content.html",4b8e7aefaa897b07e89bb3fdf6cadb01,c084999769ab259799e9ea0a0bc308a3
"/templates/willmcgugan.techblog/search.html",e83d824f81c56d5aeeb3997f1e95d35c,9b16d9f2357eff579f7e78b0eb248170
"/templates/willmcgugan.techblog/search_header.html",02b1a1d492b62bba08267028e09d1a05,645388aef778fe91598c6e8cc9263fc6
"/templates/willmcgugan.techblog/settings/base.html",bfd740d6222f92750c58f9a2c65c926c,af881135e7a66dc0269c67b42238919f
"/templates/willmcgugan.techblog/settings/drafts.html",23fcd8c3a4bd4533392b4a1aa608fa85,3938fe33065a51561ba62de9e997a778
"/templates/willmcgugan.techblog/settings/links.html",da6d4275ea5c1b4718cd9c3a508b4298,d619d4a13c578391a8c4f5e29adfd6d3
"/templates/willmcgugan.techblog/social.html",f3d47ff31c3f6c135a384f3e882b0ff0,682083334af8ec5a664cb380d82333c5
"/templates/willmcgugan.techblog/summary/photo.html",6b8fbb030331b58df729f2d8f13788bb,bbfcfe6f0a287ccbd1b0714b7193d73d
"/templates/willmcgugan.techblog/summary/text.html",955cc3f214191be0a57346f90d2f6965,3dbdcf9fbcc4020d927d1e76f11b2c63
"/templates/willmcgugan.techblog/summary_img.html",fd9f1affa2c2b75f35b5cae138b1e283,d4a7be0c7a9612790edf6787cdf6f998
"/templates/willmcgugan.techblog/tag_header.html",e765db5b93fbdffa84b274ab314a4d00,7529ddb608c1f67732dcb24e0416cc99
"/templates/willmcgugan.techblog/widgets/narrow_posts_list.html",e8252891ef84316443008e7c11c5cb08,7567f0bab9a6cc356b0bed9d074e34cb
"/templates/willmcgugan.techblog/widgets/popular_tags.html",7cb9e400f29d9091fa7578db9ade0907,6f5d189ac18779ad04e821f768fc2593
"/templates/willmcgugan.techblog/widgets/post.html",1dbfbb63993e80c36e9015e1b4bfaa4a,fe7ded85b8286948481fd3b98ed0ee06
"/templates/willmcgugan.techblog/widgets/post_content.html",7c4caa0b7426e71dd895f1e940b7b8a9,401a038e07fbcd4758db0284db5d2f37
"/templates/willmcgugan.techblog/widgets/posts_by_month.html",bfc1eaeefadf41d6f636bcdece775db3,2cb769a3c36bd24585e6f3bab4f41c05
"/templates/willmcgugan.techblog/widgets/recent_posts.html",60566488df9f8515b39e6cdd75df871e,93ffb05f299d1e8f42e0f3cdacaac517
"/templates/willmcgugan.techblog/widgets/related_posts.html",e02775c5e465009c36d758c8251d3286,31d13f9ed38170e992ded2047d5e6b9a